"sep",130,0,0,"","sep","C-200","",0,0,0,"",0,0,"",0,0,"",0,0,"",0,0,"",0,0,0,0,0,0,0,41,0,0,0,0,0,0,0,0,0,0,0,0,0,0,0,0,0,0,0,0,0,0,0,0,0,0,0,0,0,0,0,0,0,0,0,0,0,0,0,0,0,0,0,0,0,0,0,0,0,0,0,0,0,0,0,0,0,0,0,0,0,0,0,0,0,0,0,0,0,0,0,0,0,0,0,0,0,0,0,0,0,0,0,0,0,0,0,0,0,0,0,0,0,0,0,0,0,0,0,0,0,0,0,0,0,0,0,0,0,0,0,0,0,0,0,0,0,0,0,0,0,0,0,0,0,0,0,0,0,0,0,0,0,0,0,0,0,0,0,0,0,0,0,0,0,0,0,0,0,0,0,0,0,0,0,0,0,0,0,0,0,0,0,0,0,0,0,0,0,0,0,0,0,0,0,0,0,0,0,0,0,0,0,0,0,0,0,0,0,0,0,0,0,0,0,0,0,0,0,0,0,0,0,0,0,0,0,0,0,0,0,0,0,0,0,0,0
"FI2001",150,129,899,"488","NEFT_IN3","Природный газ на С-200","10",4723.7598,0,4.7091187035165181,"FQIR2001",188,4723.7598,"",0,0,"",0,0,"",0,0,"",0,0,0,0,0.69,831,0,41,0,38.235409,0,38.147594,0,38.04562,35.825752,0,37.967999,0,37.533195,0,37.512142,35.596954,0,37.560806,0,37.635685,0,37.701744,35.682018,0,37.79047,0,37.7938,0,37.739822,35.799011,0,37.721111,0,37.420479,0,37.486839,35.61203,0,37.426945,0,9.3620052,0,0,35.639267,0,0,0,0,0,0,0,0,0,0,0,0,0,0,0,0,0,0,0,0,0,0,0,0,0,0,0,0,0,0,0,0,0,0,0,0,0,0,0,0,0,0,0,0,0,0,0,0,0,0,0,0,0,0,0,0,0,0,0,0,0,0,0,0,0,0,0,0,0,0,0,0,0,0,0,0,0,0,0,0,0,0,0,0,0,0,0,0,0,0,0,0,0,0,0,0,0,0,0,0,0,0,0,0,0,0,0,0,0,0,0,0,0,0,0,0,0,0,0,0,0,0,0,0,0,0,0,0,0,0,0,0,0,0,0,0,0,0,0,0,0,0,0,0,0,0,0,0,0,0,0,0,0,0,0,0,0,0,0,0,0,0,0,0,0,0,0,0,0,0,0,0,0,0,0
"FC0011_",152,0,0,"","NEFT_IN8","Газ стабилизации (Углев.газ)","1",-0.14813401,0,0,"FIRC0011",321,-0.14813401,"",0,0,"",0,0,"PIR0011",320,0.83552802,"TIR0011",319,14.332613,0,1.5,1.5,831,0,0,0,0,0,0,0,0,0,0,0,0,0,7.8512773E-2,1.1776916E-4,3.7094942E-5,0.15655895,2.3483842E-4,9.6769802E-2,1.4515471E-4,0,0,1.2009862E-4,0.2667436,4.0011542E-4,0.13690902,2.0536353E-4,0,0,1.9127042E-4,0.26947922,4.0421879E-4,0.19096708,2.8645061E-4,0,0,2.1838305E-4,3.8607828E-2,5.7911744E-5,3.8616601E-2,5.7924903E-5,0,0,8.8233086E-5,0,0,0,0,0,0,0,0,0,0,0,0,0,0,0,0,0,0,0,0,0,0,0,0,0,0,0,0,0,0,0,0,0,0,0,0,0,0,0,0,0,0,0,0,0,0,0,0,0,0,0,0,0,0,0,0,0,0,0,0,0,0,0,0,0,0,0,0,0,0,0,0,0,0,0,0,0,0,0,0,0,0,0,0,0,0,0,0,0,0,0,0,0,0,0,0,0,0,0,0,0,0,0,0,0,0,0,0,0,0,0,0,0,0,0,0,0,0,0,0,0,0,0,0,0,0,0,0,0,0,0,0,0,0,0,0,0,0,0,0,0,0,0,0,0,0,0,0,0,0,0,0,0,0,0,0,0,0,0,0,0,0,0,0,0,0,0,0,0,0,0,0,0,0,0
"FIRC2005",155,129,899,"488","POC","Природный газ на С-200","4",7198.5513,7178.4326171874991,4.9531185452531021,"FIRC2005",106,7198.5513,"",0,0,"",0,0,"",0,0,"TIRA3003",350,0,0,0.69,0.69,831,0,41,58368.902,40.274548,58289.477,40.219742,58112.016,40.097294,0,57906.645,39.955582,57071.164,39.379105,57093.172,39.394287,0,57229.078,39.488064,57358.375,39.577278,57620.996,39.758484,0,57854.137,39.919346,57938.047,39.977253,57886.949,39.94199,0,57684.582,39.802364,57075.875,39.382355,57196.07,39.465286,0,57187.895,39.459648,14302.54,9.8687525,0,0,0,0,0,0,0,0,0,0,0,0,0,0,0,0,0,0,0,0,0,0,0,0,0,0,0,0,0,0,0,0,0,0,0,0,0,0,0,0,0,0,0,0,0,0,0,0,0,0,0,0,0,0,0,0,0,0,0,0,0,0,0,0,0,0,0,0,0,0,0,0,0,0,0,0,0,0,0,0,0,0,0,0,0,0,0,0,0,0,0,0,0,0,0,0,0,0,0,0,0,0,0,0,0,0,0,0,0,0,0,0,0,0,0,0,0,0,0,0,0,0,0,0,0,0,0,0,0,0,0,0,0,0,0,0,0,0,0,0,0,0,0,0,0,0,0,0,0,0,0,0,0,0,0,0,0,0,0,0,0,0,0,0,0,0,0,0,0,0,0,0,0,0,0,0,0,0
"FIRC2004",160,0,0,"","NEFT_IN6","Рецикловый водород на С-200","4",221.51741,221.63511322765822,0.0197255252065455,"FIRC2004",194,221.51741,"",0,0,"",0,0,"",0,0,"TIRA3003",350,0,0,8.9000002E-2,8.9000002E-2,831,0,41,1959.8212,0.17442407,1958.8723,0.17433964,1958.9823,0.17434943,0.16377826,1959.4403,0.1743902,1775.7979,0.15804602,1768.1665,0.15736681,0.1542782,1769.4768,0.15748344,1770.0131,0.15753117,1770.623,0.15758546,0.14936747,1772.9302,0.15779077,1771.5447,0.15766747,1772.2107,0.15772673,0.14947884,1774.4788,0.1579286,1773.4452,0.15783663,1772.2406,0.15772942,0.14971447,1773.7986,0.15786807,443.44922,3.9466981E-2,0,0,0.15031064,0,0,0,0,0,0,0,0,0,0,0,0,0,0,0,0,0,0,0,0,0,0,0,0,0,0,0,0,0,0,0,0,0,0,0,0,0,0,0,0,0,0,0,0,0,0,0,0,0,0,0,0,0,0,0,0,0,0,0,0,0,0,0,0,0,0,0,0,0,0,0,0,0,0,0,0,0,0,0,0,0,0,0,0,0,0,0,0,0,0,0,0,0,0,0,0,0,0,0,0,0,0,0,0,0,0,0,0,0,0,0,0,0,0,0,0,0,0,0,0,0,0,0,0,0,0,0,0,0,0,0,0,0,0,0,0,0,0,0,0,0,0,0,0,0,0,0,0,0,0,0,0,0,0,0,0,0,0,0,0,0,0,0,0,0,0,0,0,0,0,0,0,0,0,0
"FIRCA2006",170,0,0,"","NEFT_IN4","Потребление ХОВ на реакцию","5",8.3856869,0,8.3856871535684725,"FIRCA2006",107,20012.359,"FIR2009",164,13.187475,"",0,0,"",0,0,"TIRA2045",169,35.860016,0,0,1000,831,0,41,0,68.104378,0,68.230247,0,68.08004,63.998932,0,68.214188,0,67.845734,0,67.88485,64.238548,0,67.709129,0,67.705582,0,67.580902,64.157715,0,67.674217,0,67.641563,0,67.408875,64.040588,0,67.825043,0,67.803871,0,67.499283,64.227188,0,67.449371,0,16.834784,0,0,64.199471,0,0,0,0,0,0,0,0,0,0,0,0,0,0,0,0,0,0,0,0,0,0,0,0,0,0,0,0,0,0,0,0,0,0,0,0,0,0,0,0,0,0,0,0,0,0,0,0,0,0,0,0,0,0,0,0,0,0,0,0,0,0,0,0,0,0,0,0,0,0,0,0,0,0,0,0,0,0,0,0,0,0,0,0,0,0,0,0,0,0,0,0,0,0,0,0,0,0,0,0,0,0,0,0,0,0,0,0,0,0,0,0,0,0,0,0,0,0,0,0,0,0,0,0,0,0,0,0,0,0,0,0,0,0,0,0,0,0,0,0,0,0,0,0,0,0,0,0,0,0,0,0,0,0,0,0,0,0,0,0,0,0,0,0,0,0,0,0,0,0,0,0,0,0,0
"",175,0,0,"","NEFT_IN","Итого по С-200","5",0,0,13.115955499032765,"",0,0,"FIRC2004",194,221.51741,"FIRCA2006",107,20012.359,"FIR2009",164,13.187475,"TIRA2045",169,35.860016,8.9000002E-2,0,0,0,0,41,0,106.52644,0,106.56448,0,106.31234,100,0,106.36787,0,105.54716,0,105.56532,99.999992,0,105.43946,0,105.50995,0,105.45152,100,0,105.63381,0,105.60486,0,105.31783,100.00001,0,105.7158,0,105.39407,0,105.15527,100.00001,0,105.04562,0,26.239185,0,0,99.999985,0,0,0,0,0,0,0,0,0,0,0,0,0,0,0,0,0,0,0,0,0,0,0,0,0,0,0,0,0,0,0,0,0,0,0,0,0,0,0,0,0,0,0,0,0,0,0,0,0,0,0,0,0,0,0,0,0,0,0,0,0,0,0,0,0,0,0,0,0,0,0,0,0,0,0,0,0,0,0,0,0,0,0,0,0,0,0,0,0,0,0,0,0,0,0,0,0,0,0,0,0,0,0,0,0,0,0,0,0,0,0,0,0,0,0,0,0,0,0,0,0,0,0,0,0,0,0,0,0,0,0,0,0,0,0,0,0,0,0,0,0,0,0,0,0,0,0,0,0,0,0,0,0,0,0,0,0,0,0,0,0,0,0,0,0,0,0,0,0,0,0,0,0,0,0
"sep",180,0,0,"","sep","Продукт","",0,0,0,"",0,0,"",0,0,"",0,0,"",0,0,"",0,0,0,0,0,0,0,41,0,0,0,0,0,0,0,0,0,0,0,0,0,0,0,0,0,0,0,0,0,0,0,0,0,0,0,0,0,0,0,0,0,0,0,0,0,0,0,0,0,0,0,0,0,0,0,0,0,0,0,0,0,0,0,0,0,0,0,0,0,0,0,0,0,0,0,0,0,0,0,0,0,0,0,0,0,0,0,0,0,0,0,0,0,0,0,0,0,0,0,0,0,0,0,0,0,0,0,0,0,0,0,0,0,0,0,0,0,0,0,0,0,0,0,0,0,0,0,0,0,0,0,0,0,0,0,0,0,0,0,0,0,0,0,0,0,0,0,0,0,0,0,0,0,0,0,0,0,0,0,0,0,0,0,0,0,0,0,0,0,0,0,0,0,0,0,0,0,0,0,0,0,0,0,0,0,0,0,0,0,0,0,0,0,0,0,0,0,0,0,0,0,0,0,0,0,0,0,0,0,0,0,0,0,0,0,0,0,0,0,0,0,0,0,0,0
"FIC3003",2000,0,0,"","NEFT_OUT","Водород-продукт от КЦА","4",20307.691,20142.589033917691,1.7926904573673157,"FIC3003",351,20307.691,"",0,0,"",0,0,"",0,0,"TIRA3003",350,0,0,8.9000002E-2,8.9000002E-2,831,0,41,162994.22,14.506486,162667.47,14.477405,162609.09,14.472209,13.605403,162709.61,14.481155,161632.95,14.385333,161773.59,14.397849,13.627406,161523.5,14.375592,161627.17,14.384819,161895.61,14.40871,13.643804,162134.27,14.42995,162275.75,14.442542,161994,14.417466,13.675271,162323.03,14.446748,161483.63,14.372043,160957.8,14.325244,13.64173,161263.61,14.352461,40175.438,3.5756142,0,0,13.655864,0,0,0,0,0,0,0,0,0,0,0,0,0,0,0,0,0,0,0,0,0,0,0,0,0,0,0,0,0,0,0,0,0,0,0,0,0,0,0,0,0,0,0,0,0,0,0,0,0,0,0,0,0,0,0,0,0,0,0,0,0,0,0,0,0,0,0,0,0,0,0,0,0,0,0,0,0,0,0,0,0,0,0,0,0,0,0,0,0,0,0,0,0,0,0,0,0,0,0,0,0,0,0,0,0,0,0,0,0,0,0,0,0,0,0,0,0,0,0,0,0,0,0,0,0,0,0,0,0,0,0,0,0,0,0,0,0,0,0,0,0,0,0,0,0,0,0,0,0,0,0,0,0,0,0,0,0,0,0,0,0,0,0,0,0,0,0,0,0,0,0,0,0,0,0
"FIRCA3018",2010,0,0,"","NEFT_OUT_8","Водород-продукт на УГВГ","4",10082.391,10031.822544642857,0.89283221960067749,"FIRCA3018",766,5041.1953,"",0,0,"",0,0,"",0,0,"",0,0,0,0,8.9000002E-2,831,0,14,161747.27,14.395506,166375.13,14.807386,172816.58,15.380676,13.958395,176776.27,15.733088,176387.34,15.698473,168975.27,15.038798,14.637239,169215.33,15.060163,170833.86,15.204214,173629.14,15.452994,14.449191,165759.45,14.752591,171544.19,15.267433,173641.5,15.454093,14.365245,118429.84,10.540257,84549.477,7.5249038,130394.88,11.605144,9.3814659,53173.863,4.7324734,18460.414,1.6429769,0,0,4.8561974,0,0,0,0,0,0,0,0,0,0,0,0,0,0,0,0,0,0,0,0,0,0,0,0,0,0,0,0,0,0,0,0,0,0,0,0,0,0,0,0,0,0,0,0,0,0,0,0,0,0,0,0,0,0,0,0,0,0,0,0,0,0,0,0,0,0,0,0,0,0,0,0,0,0,0,0,0,0,0,0,0,0,0,0,0,0,0,0,0,0,0,0,0,0,0,0,0,0,0,0,0,0,0,0,0,0,0,0,0,0,0,0,0,0,0,0,0,0,0,0,0,0,0,0,0,0,0,0,0,0,0,0,0,0,0,0,0,0,0,0,0,0,0,0,0,0,0,0,0,0,0,0,0,0,0,0,0,0,0,0,0,0,0,0,0,0,0,0,0,0,0,0,0,0,0
"FIRC1004",2100,0,0,"","NEFT_OUT_1","Рецикловый водород на С-100","4",-99999,0,0,"FIRCA1004",272,-99999,"",0,0,"",0,0,"",0,0,"TIRA3003",350,0,0,8.9000002E-2,8.9000002E-2,831,0,0,0,0,0,0,0,0,0,0,0,0,0,0,0,0,0,0,0,0,0,0,0,0,0,0,0,0,0,0,0,0,0,0,0,0,0,0,0,0,0,0,0,0,0,0,0,0,0,0,0,0,0,0,0,0,0,0,0,0,0,0,0,0,0,0,0,0,0,0,0,0,0,0,0,0,0,0,0,0,0,0,0,0,0,0,0,0,0,0,0,0,0,0,0,0,0,0,0,0,0,0,0,0,0,0,0,0,0,0,0,0,0,0,0,0,0,0,0,0,0,0,0,0,0,0,0,0,0,0,0,0,0,0,0,0,0,0,0,0,0,0,0,0,0,0,0,0,0,0,0,0,0,0,0,0,0,0,0,0,0,0,0,0,0,0,0,0,0,0,0,0,0,0,0,0,0,0,0,0,0,0,0,0,0,0,0,0,0,0,0,0,0,0,0,0,0,0,0,0,0,0,0,0,0,0,0,0,0,0,0,0,0,0,0,0,0,0,0
"FIRC2004",2200,0,0,"","NEFT_OUT_2","Рецикловый водород на С-200","4",221.51741,221.63511322765822,0.0197255252065455,"FIRC2004",194,221.51741,"",0,0,"",0,0,"",0,0,"TIRA3003",350,0,0,8.9000002E-2,8.9000002E-2,831,0,41,1959.8212,0.17442407,1958.8723,0.17433964,1958.9823,0.17434943,0.16377826,1959.4403,0.1743902,1775.7979,0.15804602,1768.1665,0.15736681,0.1542782,1769.4768,0.15748344,1770.0131,0.15753117,1770.623,0.15758546,0.14936747,1772.9302,0.15779077,1771.5447,0.15766747,1772.2107,0.15772673,0.14947884,1774.4788,0.1579286,1773.4452,0.15783663,1772.2406,0.15772942,0.14971447,1773.7986,0.15786807,443.44922,3.9466981E-2,0,0,0.15031064,0,0,0,0,0,0,0,0,0,0,0,0,0,0,0,0,0,0,0,0,0,0,0,0,0,0,0,0,0,0,0,0,0,0,0,0,0,0,0,0,0,0,0,0,0,0,0,0,0,0,0,0,0,0,0,0,0,0,0,0,0,0,0,0,0,0,0,0,0,0,0,0,0,0,0,0,0,0,0,0,0,0,0,0,0,0,0,0,0,0,0,0,0,0,0,0,0,0,0,0,0,0,0,0,0,0,0,0,0,0,0,0,0,0,0,0,0,0,0,0,0,0,0,0,0,0,0,0,0,0,0,0,0,0,0,0,0,0,0,0,0,0,0,0,0,0,0,0,0,0,0,0,0,0,0,0,0,0,0,0,0,0,0,0,0,0,0,0,0,0,0,0,0,0,0
"FQIR1010",2300,0,0,"","NEFT_OUT_3","Водород на новую ГОДТ","10",1441.458,0,1.4918076730355985,"FQIR1010",23,1441.458,"",0,0,"",0,0,"",0,0,"TIR1046",20,24.951382,0,0,8.9000002E-2,831,0,41,0,12.180959,0,12.090678,0,12.051022,11.372037,0,12.082401,0,12.181256,0,12.219851,11.491579,0,12.248236,0,12.202477,0,12.17482,11.575672,0,12.263857,0,12.027665,0,12.104386,11.497445,0,12.20663,0,12.063917,0,12.050432,11.484344,0,12.010465,0,2.971334,0,0,11.411675,0,0,0,0,0,0,0,0,0,0,0,0,0,0,0,0,0,0,0,0,0,0,0,0,0,0,0,0,0,0,0,0,0,0,0,0,0,0,0,0,0,0,0,0,0,0,0,0,0,0,0,0,0,0,0,0,0,0,0,0,0,0,0,0,0,0,0,0,0,0,0,0,0,0,0,0,0,0,0,0,0,0,0,0,0,0,0,0,0,0,0,0,0,0,0,0,0,0,0,0,0,0,0,0,0,0,0,0,0,0,0,0,0,0,0,0,0,0,0,0,0,0,0,0,0,0,0,0,0,0,0,0,0,0,0,0,0,0,0,0,0,0,0,0,0,0,0,0,0,0,0,0,0,0,0,0,0,0,0,0,0,0,0,0,0,0,0,0,0,0,0,0,0,0,0
"FQIR1012",2400,0,0,"","NEFT_OUT_4","Водород на УИ, УГОБКК","10",228.96524,0,0.22907515051888255,"FQIR1012",230,228.96524,"",0,0,"",0,0,"",0,0,"TIR1052",250,19.166733,0,0,8.9000002E-2,831,0,41,0,2.0448627,0,2.0509932,0,2.0643952,1.9286749,0,2.0266888,0,1.9423609,0,1.8582878,1.8354954,0,1.7644464,0,1.7625484,0,1.8087415,1.6863846,0,1.8515487,0,1.8182033,0,1.7976385,1.7271453,0,1.7591276,0,1.7471893,0,1.7889712,1.6743194,0,1.8276799,0,0.45691386,0,0,1.7401812,0,0,0,0,0,0,0,0,0,0,0,0,0,0,0,0,0,0,0,0,0,0,0,0,0,0,0,0,0,0,0,0,0,0,0,0,0,0,0,0,0,0,0,0,0,0,0,0,0,0,0,0,0,0,0,0,0,0,0,0,0,0,0,0,0,0,0,0,0,0,0,0,0,0,0,0,0,0,0,0,0,0,0,0,0,0,0,0,0,0,0,0,0,0,0,0,0,0,0,0,0,0,0,0,0,0,0,0,0,0,0,0,0,0,0,0,0,0,0,0,0,0,0,0,0,0,0,0,0,0,0,0,0,0,0,0,0,0,0,0,0,0,0,0,0,0,0,0,0,0,0,0,0,0,0,0,0,0,0,0,0,0,0,0,0,0,0,0,0,0,0,0,0,0,0
"FQIR1029",2500,0,0,"","NEFT_OUT_5","Водород в ОЗХ","10",-25.113611,0,0,"FQIR1029",249,-25.113611,"",0,0,"",0,0,"",0,0,"TIR1071",251,3.140353,0,0,9.0000004E-2,831,0,0,0,0,0,0,0,0,0,0,0,0,0,0,0,0,0,0,0,0,0,0,0,0,0,0,0,0,0,0,0,0,0,0,0,0,0,0,0,0,0,0,0,0,0,0,0,0,0,0,0,0,0,0,0,0,0,0,0,0,0,0,0,0,0,0,0,0,0,0,0,0,0,0,0,0,0,0,0,0,0,0,0,0,0,0,0,0,0,0,0,0,0,0,0,0,0,0,0,0,0,0,0,0,0,0,0,0,0,0,0,0,0,0,0,0,0,0,0,0,0,0,0,0,0,0,0,0,0,0,0,0,0,0,0,0,0,0,0,0,0,0,0,0,0,0,0,0,0,0,0,0,0,0,0,0,0,0,0,0,0,0,0,0,0,0,0,0,0,0,0,0,0,0,0,0,0,0,0,0,0,0,0,0,0,0,0,0,0,0,0,0,0,0,0,0,0,0,0,0,0,0,0,0,0,0,0,0,0,0,0,0,0,0,0,0,0,0,0
"FIC3002",5000,0,0,"","NEFT_OUT_7","Отдувочный газ КЦА","4",8739.9268,9057.9826124237807,11.322478131550115,"FIC3002",14,8739.9268,"",0,0,"",0,0,"",0,0,"TI3002",5,18.94994,0,1.25,1.25,831,0,41,73610.852,92.013565,73664.547,92.080681,73467,91.833755,86.388588,73504.273,91.880348,72924.391,91.155487,72928.906,91.161133,86.366592,72846.039,91.057549,72895.031,91.11879,72829.18,91.036484,86.350204,72958.023,91.19754,72924.781,91.155975,72715.242,90.894043,86.318733,73010.164,91.262695,72812.563,91.015701,72658.969,90.823715,86.352272,72549.492,90.686874,18129.598,22.661997,0,0,86.338135,0,0,0,0,0,0,0,0,0,0,0,0,0,0,0,0,0,0,0,0,0,0,0,0,0,0,0,0,0,0,0,0,0,0,0,0,0,0,0,0,0,0,0,0,0,0,0,0,0,0,0,0,0,0,0,0,0,0,0,0,0,0,0,0,0,0,0,0,0,0,0,0,0,0,0,0,0,0,0,0,0,0,0,0,0,0,0,0,0,0,0,0,0,0,0,0,0,0,0,0,0,0,0,0,0,0,0,0,0,0,0,0,0,0,0,0,0,0,0,0,0,0,0,0,0,0,0,0,0,0,0,0,0,0,0,0,0,0,0,0,0,0,0,0,0,0,0,0,0,0,0,0,0,0,0,0,0,0,0,0,0,0,0,0,0,0,0,0,0,0,0,0,0,0,0
"FI0001_",165,0,0,"","NEFT_IN11","ВСГ на С-200","4",4.7266483,4.7470557050007134,1.4241167412298477E-3,"FIR0001",359,4.7266483,"",0,0,"",0,0,"",0,0,"",0,40,0,0.30000001,0.30000001,831,0,41,40.789131,1.2236741E-2,40.962135,0.01228864,41.131092,1.2339328E-2,1.1541745E-2,37.688213,1.1306463E-2,33.953136,1.0185941E-2,36.132534,0.01083976,1.0183988E-2,39.36869,1.1810609E-2,36.638485,1.0991545E-2,37.625652,1.1287696E-2,1.0774259E-2,36.471992,1.0941599E-2,38.709099,0.01161273,38.015434,1.1404631E-2,1.0727614E-2,37.689442,1.1306833E-2,38.65694,1.1597082E-2,38.022575,1.1406773E-2,0.01084871,37.977028,1.1393109E-2,9.571744,2.8715234E-3,0,0,1.0865409E-2,0,0,0,0,0,0,0,0,0,0,0,0,0,0,0,0,0,0,0,0,0,0,0,0,0,0,0,0,0,0,0,0,0,0,0,0,0,0,0,0,0,0,0,0,0,0,0,0,0,0,0,0,0,0,0,0,0,0,0,0,0,0,0,0,0,0,0,0,0,0,0,0,0,0,0,0,0,0,0,0,0,0,0,0,0,0,0,0,0,0,0,0,0,0,0,0,0,0,0,0,0,0,0,0,0,0,0,0,0,0,0,0,0,0,0,0,0,0,0,0,0,0,0,0,0,0,0,0,0,0,0,0,0,0,0,0,0,0,0,0,0,0,0,0,0,0,0,0,0,0,0,0,0,0,0,0,0,0,0,0,0,0,0,0,0,0,0,0,0,0,0,0,0,0,0
"FC0011",70,0,0,"","NEFT_IN9","Газ стабилизации (Углев.газ)","1",-0.14813401,0,0,"FIRC0011",321,-0.14813401,"",0,0,"",0,0,"PIR0011",320,0.83552802,"TIR0011",319,14.332613,0,1.5,1.5,831,0,0,0,0,0,0,0,0,0,0,0,0,0,0,0,0,0,0,0,0,0,0,0,0,0,0,0,0,0,0,0,0,0,0,0,0,0,0,0,0,0,0,0,0,0,0,0,0,0,0,0,0,0,0,0,0,0,0,0,0,0,0,0,0,0,0,0,0,0,0,0,0,0,0,0,0,0,0,0,0,0,0,0,0,0,0,0,0,0,0,0,0,0,0,0,0,0,0,0,0,0,0,0,0,0,0,0,0,0,0,0,0,0,0,0,0,0,0,0,0,0,0,0,0,0,0,0,0,0,0,0,0,0,0,0,0,0,0,0,0,0,0,0,0,0,0,0,0,0,0,0,0,0,0,0,0,0,0,0,0,0,0,0,0,0,0,0,0,0,0,0,0,0,0,0,0,0,0,0,0,0,0,0,0,0,0,0,0,0,0,0,0,0,0,0,0,0,0,0,0,0,0,0,0,0,0,0,0,0,0,0,0,0,0,0,0,0,0,0
"sep",50,0,0,"","sep","C-100","",0,0,0,"",0,0,"",0,0,"",0,0,"",0,0,"",0,0,0,0,0,0,0,41,0,0,0,0,0,0,0,0,0,0,0,0,0,0,0,0,0,0,0,0,0,0,0,0,0,0,0,0,0,0,0,0,0,0,0,0,0,0,0,0,0,0,0,0,0,0,0,0,0,0,0,0,0,0,0,0,0,0,0,0,0,0,0,0,0,0,0,0,0,0,0,0,0,0,0,0,0,0,0,0,0,0,0,0,0,0,0,0,0,0,0,0,0,0,0,0,0,0,0,0,0,0,0,0,0,0,0,0,0,0,0,0,0,0,0,0,0,0,0,0,0,0,0,0,0,0,0,0,0,0,0,0,0,0,0,0,0,0,0,0,0,0,0,0,0,0,0,0,0,0,0,0,0,0,0,0,0,0,0,0,0,0,0,0,0,0,0,0,0,0,0,0,0,0,0,0,0,0,0,0,0,0,0,0,0,0,0,0,0,0,0,0,0,0,0,0,0,0,0,0,0,0,0,0,0,0,0,0,0,0,0,0,0,0,0,0,0
"FQIR1001",60,129,899,"488","NEFT_IN1","Природный газ на С-100","10",-99999,0,0,"FQIR1001",231,-99999,"",0,0,"",0,0,"",0,0,"TIRA3003",350,0,0,0,0.69,831,0,0,0,0,0,0,0,0,0,0,0,0,0,0,0,0,0,0,0,0,0,0,0,0,0,0,0,0,0,0,0,0,0,0,0,0,0,0,0,0,0,0,0,0,0,0,0,0,0,0,0,0,0,0,0,0,0,0,0,0,0,0,0,0,0,0,0,0,0,0,0,0,0,0,0,0,0,0,0,0,0,0,0,0,0,0,0,0,0,0,0,0,0,0,0,0,0,0,0,0,0,0,0,0,0,0,0,0,0,0,0,0,0,0,0,0,0,0,0,0,0,0,0,0,0,0,0,0,0,0,0,0,0,0,0,0,0,0,0,0,0,0,0,0,0,0,0,0,0,0,0,0,0,0,0,0,0,0,0,0,0,0,0,0,0,0,0,0,0,0,0,0,0,0,0,0,0,0,0,0,0,0,0,0,0,0,0,0,0,0,0,0,0,0,0,0,0,0,0,0,0,0,0,0,0,0,0,0,0,0,0,0,0,0,0,0,0,0,0
"FIRC1005",101,129,899,"488","POC","Природный газ на С-100","4",-33.712101,0,0,"FIRC1005",234,-33.712101,"",0,0,"",0,0,"",0,0,"TIRA3003",350,0,0,0.69,0.69,831,0,0,24.345776,1.6798586E-2,71.222801,4.9143732E-2,52.19072,3.6011595E-2,0,71.870781,4.9590841E-2,38.599255,2.6633486E-2,85.98703,5.9331056E-2,0,101.59797,7.0102595E-2,96.938698,6.6887699E-2,73.459412,5.0686996E-2,0,90.463837,6.2420048E-2,89.535919,0.06177979,55.593243,3.8359337E-2,0,49.043991,3.3840351E-2,36.450081,2.5150556E-2,24.22715,1.6716734E-2,0,32.512978,2.2433955E-2,13.158045,9.0790512E-3,0,0,0,0,0,0,0,0,0,0,0,0,0,0,0,0,0,0,0,0,0,0,0,0,0,0,0,0,0,0,0,0,0,0,0,0,0,0,0,0,0,0,0,0,0,0,0,0,0,0,0,0,0,0,0,0,0,0,0,0,0,0,0,0,0,0,0,0,0,0,0,0,0,0,0,0,0,0,0,0,0,0,0,0,0,0,0,0,0,0,0,0,0,0,0,0,0,0,0,0,0,0,0,0,0,0,0,0,0,0,0,0,0,0,0,0,0,0,0,0,0,0,0,0,0,0,0,0,0,0,0,0,0,0,0,0,0,0,0,0,0,0,0,0,0,0,0,0,0,0,0,0,0,0,0,0,0,0,0,0,0,0,0,0,0,0,0,0,0,0,0,0,0,0,0,0,0,0
"FIRC1004",105,0,0,"","NEFT_IN5","Рецикловый водород на С-100","4",-99999,0,0,"FIRCA1004",272,-99999,"",0,0,"",0,0,"",0,0,"TIRA3003",350,0,0,8.9000002E-2,8.9000002E-2,831,0,0,0,0,0,0,0,0,0,0,0,0,0,0,0,0,0,0,0,0,0,0,0,0,0,0,0,0,0,0,0,0,0,0,0,0,0,0,0,0,0,0,0,0,0,0,0,0,0,0,0,0,0,0,0,0,0,0,0,0,0,0,0,0,0,0,0,0,0,0,0,0,0,0,0,0,0,0,0,0,0,0,0,0,0,0,0,0,0,0,0,0,0,0,0,0,0,0,0,0,0,0,0,0,0,0,0,0,0,0,0,0,0,0,0,0,0,0,0,0,0,0,0,0,0,0,0,0,0,0,0,0,0,0,0,0,0,0,0,0,0,0,0,0,0,0,0,0,0,0,0,0,0,0,0,0,0,0,0,0,0,0,0,0,0,0,0,0,0,0,0,0,0,0,0,0,0,0,0,0,0,0,0,0,0,0,0,0,0,0,0,0,0,0,0,0,0,0,0,0,0,0,0,0,0,0,0,0,0,0,0,0,0,0,0,0,0,0,0
"FIRCA1006",110,0,0,"","NEFT_IN2","Потребление ХОВ на реакцию","5",0,0,0,"FIRCA1006",236,-99999,"FIR1009",40,-99999,"",0,0,"",0,0,"TIRA1045",19,-99999,0,0,1000,831,0,0,0,0,0,0,0,0,0,0,0,0,0,0,0,0,0,0,0,0,0,0,0,0,0,0,0,0,0,0,0,0,0,0,0,0,0,0,0,0,0,0,0,0,0,0,0,0,0,0,0,0,0,0,0,0,0,0,0,0,0,0,0,0,0,0,0,0,0,0,0,0,0,0,0,0,0,0,0,0,0,0,0,0,0,0,0,0,0,0,0,0,0,0,0,0,0,0,0,0,0,0,0,0,0,0,0,0,0,0,0,0,0,0,0,0,0,0,0,0,0,0,0,0,0,0,0,0,0,0,0,0,0,0,0,0,0,0,0,0,0,0,0,0,0,0,0,0,0,0,0,0,0,0,0,0,0,0,0,0,0,0,0,0,0,0,0,0,0,0,0,0,0,0,0,0,0,0,0,0,0,0,0,0,0,0,0,0,0,0,0,0,0,0,0,0,0,0,0,0,0,0,0,0,0,0,0,0,0,0,0,0,0,0,0,0,0,0,0
"",115,0,0,"","NEFT_IN7","Итого по С-100","5",0,0,0,"",0,0,"",0,0,"",0,0,"",0,0,"TIRA1045",19,-99999,8.9000002E-2,0,0,0,0,0,0,0,0,0,0,0,0,0,0,0,0,0,0,0,0,0,0,0,0,0,0,0,0,0,0,0,0,0,0,0,0,0,0,0,0,0,0,0,0,0,0,0,0,0,0,0,0,0,0,0,0,0,0,0,0,0,0,0,0,0,0,0,0,0,0,0,0,0,0,0,0,0,0,0,0,0,0,0,0,0,0,0,0,0,0,0,0,0,0,0,0,0,0,0,0,0,0,0,0,0,0,0,0,0,0,0,0,0,0,0,0,0,0,0,0,0,0,0,0,0,0,0,0,0,0,0,0,0,0,0,0,0,0,0,0,0,0,0,0,0,0,0,0,0,0,0,0,0,0,0,0,0,0,0,0,0,0,0,0,0,0,0,0,0,0,0,0,0,0,0,0,0,0,0,0,0,0,0,0,0,0,0,0,0,0,0,0,0,0,0,0,0,0,0,0,0,0,0,0,0,0,0,0,0,0,0,0,0,0,0,0,0,0,0,0,0,0
"FI0001",106,0,0,"","NEFT_IN10","ВСГ на С-100","4",0,0,0,"FIR0001",359,4.7266483,"",0,0,"",0,0,"",0,0,"",0,40,0,0.30000001,0.30000001,831,0,0,0,0,0,0,0,0,0,0,0,0,0,0,0,0,0,0,0,0,0,0,0,0,0,0,0,0,0,0,0,0,0,0,0,0,0,0,0,0,0,0,0,0,0,0,0,0,0,0,0,0,0,0,0,0,0,0,0,0,0,0,0,0,0,0,0,0,0,0,0,0,0,0,0,0,0,0,0,0,0,0,0,0,0,0,0,0,0,0,0,0,0,0,0,0,0,0,0,0,0,0,0,0,0,0,0,0,0,0,0,0,0,0,0,0,0,0,0,0,0,0,0,0,0,0,0,0,0,0,0,0,0,0,0,0,0,0,0,0,0,0,0,0,0,0,0,0,0,0,0,0,0,0,0,0,0,0,0,0,0,0,0,0,0,0,0,0,0,0,0,0,0,0,0,0,0,0,0,0,0,0,0,0,0,0,0,0,0,0,0,0,0,0,0,0,0,0,0,0,0,0,0,0,0,0,0,0,0,0,0,0,0,0,0,0,0,0,0
